Video ID,Playlist video creation timestamp
mVenzG1MYKQ,2026-08-10T11:01:08+00:00
8tIdCsMufIY,2026-08-10T02:48:27+00:00
BH9jvv-LehY,2026-08-08T05:32:16+00:00
HNV-xrSiRuk,2026-08-05T13:37:28+00:00
qloY_aU7mpA,2026-08-05T02:46:34+00:00
b0I3vNm480M,2026-08-04T13:27:06+00:00
MbFjnX-mly4,2026-08-04T07:22:20+00:00
Zzu_2iqpr5Y,2026-08-03T15:23:49+00:00
JidZ8g_HxQs,2026-08-03T07:28:34+00:00
jWUYDrdtNFI,2026-08-03T07:01:07+00:00
GS7CxAtV5Ks,2026-08-03T06:52:20+00:00
YNnton3Nlxc,2026-08-01T07:36:14+00:00
ai_gI0Jbr_E,2026-08-01T07:04:34+00:00
tyzrQG_K1Us,2026-07-31T16:31:07+00:00
P9gG6GMOzYo,2026-07-31T16:29:15+00:00
xV9spqCzSkQ,2026-07-30T09:25:32+00:00
ONOF11XvjTk,2026-07-27T13:58:45+00:00
b-b7CznGXuo,2026-07-27T13:13:16+00:00
nO8xseFaWYs,2026-07-27T12:28:38+00:00
pgIGp53Ijx4,2026-07-26T10:40:20+00:00
yrimaWOQtfM,2026-07-26T07:24:57+00:00
Ib-ktK4uVdE,2026-07-26T06:57:28+00:00
KTu1F0tUn-Q,2026-07-26T06:53:20+00:00
 -bkFLQBZ4ow,2026-07-24T17:42:49+00:00
bygG3_Cl5KA,2026-07-24T16:39:17+00:00
RhWPJ2HbOGs,2026-07-24T16:33:53+00:00
o_4hdA11Z-Q,2026-07-24T06:45:04+00:00
qiWCVWzCVh0,2026-07-23T03:12:56+00:00
x24DMTbHRdw,2026-07-22T16:03:26+00:00
xfdarqD0Nis,2026-07-22T16:03:20+00:00
cnMVm8nwPS8,2026-07-22T15:04:56+00:00
lpbecxr0AL4,2026-07-21T07:15:05+00:00
TXeJbBKGPPg,2026-07-21T06:43:46+00:00
jUBnS5G34IM,2026-07-21T06:31:20+00:00
lay5MIgGBs0,2026-07-21T06:26:21+00:00
frjyb4_4Rlg,2026-07-19T09:40:10+00:00
DguvkmgN5G0,2026-07-13T05:04:06+00:00
lhdmMqSmg5g,2026-07-11T13:20:59+00:00
wphfSW6YqgI,2026-07-11T04:14:28+00:00
beTd8RW0ozg,2026-07-10T15:19:14+00:00
RoCqG3gaZNs,2026-07-07T08:14:07+00:00
W-Y3XcFrLLE,2026-07-06T12:39:15+00:00
R1ul9iBhpVM,2026-07-06T11:48:46+00:00
otmVKyLd4h4,2026-07-05T05:49:58+00:00
WS2Xw1xr7o4,2026-07-03T01:01:07+00:00
09839DpTctU,2026-07-01T15:06:45+00:00
w3-bxLJ2ms0,2026-06-30T09:12:31+00:00
mZKeqIKs5xQ,2026-06-27T06:24:27+00:00
Vj3_C-DllsM,2026-06-22T03:28:49+00:00
4jrCXrveA_c,2026-06-21T03:54:24+00:00
4HAI2f8SJbE,2026-06-21T03:52:19+00:00
y-E_n0q0ttI,2026-06-20T17:30:44+00:00
79O9x-JKO0c,2026-06-19T05:53:40+00:00
VueILsIMTm0,2026-06-18T16:09:43+00:00
EzgFyhHCIEE,2026-06-09T09:13:48+00:00
Yg48GsMJeaE,2026-06-07T15:17:11+00:00
RgSmfZm9t2s,2026-06-07T15:13:48+00:00
fx_nCYQUzqo,2026-06-07T15:02:34+00:00
kvi75cdKk18,2026-06-02T12:11:35+00:00
B7_6VnpaPw8,2026-05-28T05:13:45+00:00
qcJ3fqWT3a0,2026-05-28T05:03:02+00:00
IXTPmyZDYF4,2026-05-25T05:03:08+00:00
V2lEgMHF2Fo,2026-05-22T06:40:03+00:00
4soZ33MvlW4,2026-05-20T04:02:17+00:00
uYyhswnZkSw,2026-05-20T03:00:35+00:00
2hAubOWwxaY,2026-05-19T09:30:23+00:00
uAH1xnruDOE,2026-05-17T04:13:02+00:00
w83CTnFgPoo,2026-05-10T12:00:41+00:00
qLt5oBGbkjU,2026-05-08T05:57:02+00:00
0pPTwYqrHE8,2026-05-06T08:16:21+00:00
0mkzcQ8W3-g,2026-05-02T06:31:23+00:00
Ei54TO1VBlM,2026-04-30T04:53:50+00:00
EtXSACeM-Gs,2026-04-29T06:42:22+00:00
VFrbKi2jrKs,2026-04-25T05:34:28+00:00
fxtSuMynfkw,2026-04-25T05:29:38+00:00
YsgpYb81yco,2026-04-23T05:56:36+00:00
s3o5lOCVuuM,2026-04-21T02:38:47+00:00
od7aX5YwF9E,2026-04-20T15:35:35+00:00
K5VuFwx6j40,2026-04-20T03:02:44+00:00
MQNRKX8GwPo,2026-04-19T07:11:25+00:00
iSiqmV13Ffk,2026-04-18T11:28:14+00:00
g5pw0uC5V88,2026-04-17T06:50:45+00:00
UfPIUvCg3ps,2026-04-17T06:49:56+00:00
Awy6gh3yPqY,2026-04-15T10:55:18+00:00
7WVBEB8-wa0,2026-04-15T01:48:12+00:00
91GTuZWCQmY,2026-04-14T02:54:07+00:00
xKOyDDuQSVY,2026-04-12T10:36:08+00:00
Dvp47dkfGg0,2026-03-09T10:53:59+00:00
S5JW92zk32s,2026-03-09T07:25:55+00:00
H1XEwfOJshU,2026-03-09T04:28:29+00:00
U5nUd210C2A,2026-02-26T03:46:14+00:00
_GohNBxyMPk,2026-02-25T08:02:49+00:00
Ym6whrAw8wU,2026-02-09T14:23:52+00:00
HUkWFXtQQ34,2026-02-01T06:51:51+00:00
yK1uBHPdp30,2026-01-23T17:01:15+00:00
KwBuV7YZido,2026-01-23T16:47:00+00:00
0GdDQPLPrEo,2026-01-21T16:12:34+00:00
Jllnhid7O7w,2026-01-21T14:00:37+00:00
Si6NbKqYEd8,2026-01-11T06:55:35+00:00
OADGiB79IRo,2025-12-31T15:15:59+00:00
FePVr8m8D5s,2025-12-24T07:05:57+00:00
jsZgTS2ccUc,2025-12-22T17:18:27+00:00
EyYI6lLRYxM,2025-12-18T16:23:44+00:00
J5NEub49beU,2025-12-18T16:18:06+00:00
pJO2j-JSoiY,2025-12-18T07:35:06+00:00
XDsYPXRCXAs,2025-12-14T09:59:30+00:00
bv8qBsHK9bM,2025-12-07T16:03:03+00:00
TuiVHlYeiBg,2025-11-03T16:39:59+00:00
0DHNGtsmmH8,2025-10-15T04:25:15+00:00
9wk0zKNVxUg,2025-09-29T08:48:49+00:00
ruHju6JCCDo,2025-09-18T06:19:49+00:00
f_fyXoMztTA,2025-09-04T06:42:21+00:00
orQKfIXMiA8,2025-09-04T06:36:50+00:00
tBNy1isM-80,2025-07-04T12:37:15+00:00
NM-zWTU7X-k,2025-06-16T15:59:42+00:00
Xu7Yqxlc3ec,2025-05-25T15:58:03+00:00
6YUPw9Do3uQ,2025-04-25T14:33:00+00:00
7ATAze8XVyo,2025-04-14T07:09:14+00:00
TNlzx44rR88,2025-04-01T06:15:28+00:00
G8zq1xqe_jI,2025-04-01T06:15:24+00:00
DVQhXs8_o-A,2025-04-01T06:15:13+00:00
8PhdfcX9tG0,2025-03-30T03:52:47+00:00
Ag1AKIl_2GM,2025-03-29T06:34:46+00:00
m8Mc-38C88g,2025-03-20T10:23:54+00:00
zsjvFFKOm3c,2025-03-10T11:24:06+00:00
UzIH6raTxyE,2025-03-05T05:47:16+00:00
jwnez8HdN7E,2025-02-23T04:29:18+00:00
suPR7Qu4-kM,2025-02-17T04:59:08+00:00
oG1dkSTEDFw,2025-02-15T11:36:54+00:00
GEWFJiMK6CE,2025-02-10T08:15:38+00:00
jBwSuSuGhyk,2025-01-20T03:34:28+00:00
Z_TjGRPPR9Q,2025-01-18T14:24:44+00:00
EaFzpcZ5I30,2025-01-10T12:28:02+00:00
LKPwKFigF8U,2025-01-10T12:27:51+00:00
4JgJGnXTPL8,2024-12-04T09:23:08+00:00
fhA5GIx51Kg,2024-11-16T12:51:29+00:00
UfncQNEwYzI,2024-11-02T16:51:32+00:00
Kui5PpD9ITE,2024-10-21T15:22:55+00:00
LxkaVul-z_4,2024-10-08T08:25:43+00:00
bHIhgxav9LY,2024-10-03T09:46:50+00:00
yPpclaO3ecY,2024-08-05T16:45:55+00:00
ygA8AZXR7IA,2024-07-23T01:17:05+00:00
ifTF3ags0XI,2024-07-09T12:45:18+00:00
m21_Ul22jSw,2024-06-25T16:39:41+00:00
xQP0QB4xWHo,2024-06-13T15:59:43+00:00
W3I3kAg2J7w,2024-06-02T05:42:57+00:00
akg-l0u3Yso,2024-05-31T16:20:30+00:00
fQ7scMrin5w,2024-05-22T07:45:13+00:00
B6rKUf9DWRI,2024-05-12T10:17:22+00:00
s1jD0xZTBOo,2024-05-09T17:02:30+00:00
YDV1mo7QlnA,2024-05-09T17:02:18+00:00
lcevu3T0XlU,2024-05-03T09:33:14+00:00
vbPUS-0Wbv4,2024-05-01T02:20:41+00:00
UYYzhjUzCOU,2024-04-29T07:58:47+00:00
Nb1PrONDHhk,2024-04-27T04:15:00+00:00
usiTzGkbfNU,2024-04-10T10:12:38+00:00
MZlkHHSq-qE,2024-03-28T02:23:47+00:00
vTKoCOF2CIo,2024-03-22T10:51:17+00:00
tK0IDmSYYGk,2024-03-22T10:49:50+00:00
S8uheIt9Iec,2024-03-10T02:50:50+00:00
tkm0TNFzIeg,2024-03-14T02:50:11+00:00
EQaBSo9-gY8,2024-03-11T05:03:41+00:00
OmJ-4B-mS-Y,2024-03-07T03:51:31+00:00
zlm1aajH6gY,2024-03-06T06:45:57+00:00
Unl1jXFnzgo,2024-03-02T09:23:35+00:00
Ry3zISQ5HWA,2024-03-01T16:26:53+00:00
Ijp_fDwv-IQ,2024-02-26T07:45:05+00:00
fWvX4M1dXss,2024-02-26T07:40:45+00:00
sXHK3KUdd2s,2024-02-20T15:01:37+00:00
dbiNhAZlXZk,2024-02-13T17:17:57+00:00
A-2U1BG76Bs,2024-02-13T17:17:34+00:00
Ea1_1aVfwl4,2024-02-13T17:17:20+00:00
gDm48cKusSs,2024-02-13T17:17:07+00:00
ZAqIoDhornk,2024-02-25T07:28:27+00:00
5iTOphGnCtg,2024-03-16T04:09:38+00:00
gMlf1ELvRzc,2024-03-06T05:13:06+00:00
WOoJh6oYAXE,2024-03-12T11:17:02+00:00
BoEhmxYrN4A,2024-02-13T17:16:54+00:00
FfEQnoekT4Q,2024-02-13T17:16:05+00:00
3klMM9BkW5o,2024-02-13T17:15:56+00:00
PAXvyY54N88,2024-02-13T17:15:34+00:00
cz49Tcq5JHY,2024-02-13T17:14:03+00:00
R0JKCYZ8hng,2024-02-13T17:11:53+00:00
hV1Z9qDnTDM,2024-02-13T17:11:38+00:00
GzQBzR7TgQ4,2024-02-13T17:10:54+00:00
B1GO1HPLp7Y,2024-02-10T09:32:12+00:00
KXhJDPu0G-E,2024-02-09T10:20:30+00:00
UjaAxUO6-Uw,2024-02-09T10:20:11+00:00
c-7DeKcnmeM,2024-02-07T13:31:24+00:00
ztu4qWbQPjY,2024-02-07T09:54:41+00:00
0PluOhrvB3A,2023-04-06T16:05:43+00:00
8l1NyR6UvxU,2023-03-03T13:32:28+00:00
J7GY1Xg6X20,2022-11-12T16:05:33+00:00
6JHFad4I7f0,2022-10-03T05:52:46+00:00
NCL0nMnj-Wk,2022-09-22T06:34:08+00:00
CtsDN7-sabo,2022-06-23T07:44:06+00:00
f7CW7S0zxv4,2022-05-21T17:05:48+00:00





