Channel ID,Channel URL,Channel title
UC-ufRLYrXxrIEApGn9VG5pQ,http://www.youtube.com/channel/UC-ufRLYrXxrIEApGn9VG5pQ,Reject Convenience
UC07GW0wVsJT4pmyVQos4FUw,http://www.youtube.com/channel/UC07GW0wVsJT4pmyVQos4FUw,0byte
UC1SxSlZpRMU8-XztiAw4woA,http://www.youtube.com/channel/UC1SxSlZpRMU8-XztiAw4woA,Kealan
UC2M2T4FSz1kSqNhhL-n9R9A,http://www.youtube.com/channel/UC2M2T4FSz1kSqNhhL-n9R9A,Advanced Tinkering
UC3Z1rXCFFadHw69-PZpQRYQ,http://www.youtube.com/channel/UC3Z1rXCFFadHw69-PZpQRYQ,DIBEOS
UC3vpdI7klzLSLNgqZEESZ4g,http://www.youtube.com/channel/UC3vpdI7klzLSLNgqZEESZ4g,India in Pixels by Ashris
UC4SVo0Ue36XCfOyb5Lh1viQ,http://www.youtube.com/channel/UC4SVo0Ue36XCfOyb5Lh1viQ,Bro Code
UC5WO7o71wvxMxEtLRkPhiQQ,http://www.youtube.com/channel/UC5WO7o71wvxMxEtLRkPhiQQ,Aditya Verma
UC5_Y-BKzq1uW_2rexWkUzlA,http://www.youtube.com/channel/UC5_Y-BKzq1uW_2rexWkUzlA,New Mind
UC5fa7_jq9iyN68KZVCtQhIQ,http://www.youtube.com/channel/UC5fa7_jq9iyN68KZVCtQhIQ,3-Minute Data Science
UC5ojdZG905jCpbdz12tl-jw,http://www.youtube.com/channel/UC5ojdZG905jCpbdz12tl-jw,Our Own Devices
UC6FO-Up1-oLj5nNivCNHL-Q,http://www.youtube.com/channel/UC6FO-Up1-oLj5nNivCNHL-Q,Ryan Chapman
UC6joY-wNzYvyrrSNlMHwVHQ,http://www.youtube.com/channel/UC6joY-wNzYvyrrSNlMHwVHQ,Noah
UC6nSFpj9HTCZ5t-N3Rm3-HA,http://www.youtube.com/channel/UC6nSFpj9HTCZ5t-N3Rm3-HA,Vsauce
UC7YOGHUfC1Tb6E4pudI9STA,http://www.youtube.com/channel/UC7YOGHUfC1Tb6E4pudI9STA,Mental Outlaw
UC8butISFwT-Wl7EV0hUK0BQ,http://www.youtube.com/channel/UC8butISFwT-Wl7EV0hUK0BQ,freeCodeCamp.org
UC9-y-6csu5WGm29I7JiwpnA,http://www.youtube.com/channel/UC9-y-6csu5WGm29I7JiwpnA,Computerphile
UC9x0AN7BWHpCDHSm9NiJFJQ,http://www.youtube.com/channel/UC9x0AN7BWHpCDHSm9NiJFJQ,NetworkChuck
UCA64pZbN5Mz5NxC3SO4qpDg,http://www.youtube.com/channel/UCA64pZbN5Mz5NxC3SO4qpDg,Mike Shah
UCASM0cgfkJxQ1ICmRilfHLw,http://www.youtube.com/channel/UCASM0cgfkJxQ1ICmRilfHLw,Patrick Boyle
UCBK57Zd6VxNz6VhClKjfHjA,http://www.youtube.com/channel/UCBK57Zd6VxNz6VhClKjfHjA,HackNChat
UCBa659QWEk1AI4Tg--mrJ2A,http://www.youtube.com/channel/UCBa659QWEk1AI4Tg--mrJ2A,Tom Scott
UCCKpicnIwBP3VPxBAZWDeNA,http://www.youtube.com/channel/UCCKpicnIwBP3VPxBAZWDeNA,Money & Macro
UCCWeRTgd79JL0ilH0ZywSJA,http://www.youtube.com/channel/UCCWeRTgd79JL0ilH0ZywSJA,AlphaPhoenix
UCCoAJ5JYKYTMubpTIsWi70w,http://www.youtube.com/channel/UCCoAJ5JYKYTMubpTIsWi70w,David Hilowitz Music
UCDt05G3v2e6ptGvIwERnY_w,http://www.youtube.com/channel/UCDt05G3v2e6ptGvIwERnY_w,Trolligarch
UCDzhFuVYou1D8w1ABZo3b9A,http://www.youtube.com/channel/UCDzhFuVYou1D8w1ABZo3b9A,Luv
UCEBQI242Rbo3H2GI_fcZ67w,http://www.youtube.com/channel/UCEBQI242Rbo3H2GI_fcZ67w,쉽게 풀어보는 수학이론
UCEInGSUWzF2pB1REfRbZgmw,http://www.youtube.com/channel/UCEInGSUWzF2pB1REfRbZgmw,Dr. Jorge S. Diaz
UCEPTp5WMAzjh9mOrKUwRLmQ,http://www.youtube.com/channel/UCEPTp5WMAzjh9mOrKUwRLmQ,FPSRussia
UCEU9D6KIShdLeTRyH3IdSvw,http://www.youtube.com/channel/UCEU9D6KIShdLeTRyH3IdSvw,It's FOSS - Linux Portal
UCEWpbFLzoYGPfuWUMFPSaoA,http://www.youtube.com/channel/UCEWpbFLzoYGPfuWUMFPSaoA,The Organic Chemistry Tutor
UCEihg8EpedxZKQ_Gm1XVedg,http://www.youtube.com/channel/UCEihg8EpedxZKQ_Gm1XVedg,Manware
UCFCEuCsyWP0YkP3CZ3Mr01Q,http://www.youtube.com/channel/UCFCEuCsyWP0YkP3CZ3Mr01Q,The Plain Bagel
UCFII3R8E1INqZ2popD1Bl9g,http://www.youtube.com/channel/UCFII3R8E1INqZ2popD1Bl9g,CRUXNET
UCFQDtftsHGzSh1-TReNT4lA,http://www.youtube.com/channel/UCFQDtftsHGzSh1-TReNT4lA,IEEE Spectrum
UCFTN-K2wC03lgZaqO6Nq4Kg,http://www.youtube.com/channel/UCFTN-K2wC03lgZaqO6Nq4Kg,Q Head
UCFbtcTaMFnOAP0pFO1L8hVw,http://www.youtube.com/channel/UCFbtcTaMFnOAP0pFO1L8hVw,Kyle Hill
UCG89z3ZEYkn0E3WmEkSS_Xw,http://www.youtube.com/channel/UCG89z3ZEYkn0E3WmEkSS_Xw,MathRayyan
UCGXe-vZrAK_L4Wm7zwnsmVg,http://www.youtube.com/channel/UCGXe-vZrAK_L4Wm7zwnsmVg,Sitarrussia music
UCGfFUc6eWxfbtjYeun6r9xg,http://www.youtube.com/channel/UCGfFUc6eWxfbtjYeun6r9xg,FloatHeadPhysics
UCHnyfMqiRRG1u-2MsSQLbXA,http://www.youtube.com/channel/UCHnyfMqiRRG1u-2MsSQLbXA,Veritasium
UCI0vQvr9aFn27yR6Ej6n5UA,http://www.youtube.com/channel/UCI0vQvr9aFn27yR6Ej6n5UA,Real Python
UCIPZdF1SGX44m3LcbKEyUhQ,http://www.youtube.com/channel/UCIPZdF1SGX44m3LcbKEyUhQ,coal
UCIqlapVQBqYHorHa8EiPdZQ,http://www.youtube.com/channel/UCIqlapVQBqYHorHa8EiPdZQ,Chirag Dudhat
UCK-0srt5hdY5m6Zos_NlJZg,http://www.youtube.com/channel/UCK-0srt5hdY5m6Zos_NlJZg,The Secrets of the Universe
UCK7HWaUqEVS3inwA2RG6Z8Q,http://www.youtube.com/channel/UCK7HWaUqEVS3inwA2RG6Z8Q,Infinite Desk
UCKaYxkHrmsQePZFpzF9b7sQ,http://www.youtube.com/channel/UCKaYxkHrmsQePZFpzF9b7sQ,Mr. P Solver
UCLGqiTAyxrDsnZnR6CiJW3g,http://www.youtube.com/channel/UCLGqiTAyxrDsnZnR6CiJW3g,How Science Actually Works
UCLPG8vjrPkKorrvN-GCigfw,http://www.youtube.com/channel/UCLPG8vjrPkKorrvN-GCigfw,Dekosophy
UCLvnJL8htRR1T9cbSccaoVw,http://www.youtube.com/channel/UCLvnJL8htRR1T9cbSccaoVw,Aswath Damodaran
UCNCTxLZ3EKKry-oWgLlsYsw,http://www.youtube.com/channel/UCNCTxLZ3EKKry-oWgLlsYsw,Man of Recaps
UCNEe-HrdeW0dKdaYVq-YxYQ,http://www.youtube.com/channel/UCNEe-HrdeW0dKdaYVq-YxYQ,SHIBADITYA MUKHERJEE
UCP4R4OAJXEwnNOE28P8ophw,http://www.youtube.com/channel/UCP4R4OAJXEwnNOE28P8ophw,Nuclear Vault
UCPW_cNzrDSf0xejLOKvV7Cg,http://www.youtube.com/channel/UCPW_cNzrDSf0xejLOKvV7Cg,pi
UCQBJ3krR_RiEL8lawV8CM7g,http://www.youtube.com/channel/UCQBJ3krR_RiEL8lawV8CM7g,Mathematics Visualised
UCQxsahIsaO7_nDwVlFRMQiA,http://www.youtube.com/channel/UCQxsahIsaO7_nDwVlFRMQiA,Ludovico Einaudi
UCR1IuLEqb6UEA_zQ81kwXfg,http://www.youtube.com/channel/UCR1IuLEqb6UEA_zQ81kwXfg,Real Engineering
UCS1abmNrZSkWM1vq-sMm63g,http://www.youtube.com/channel/UCS1abmNrZSkWM1vq-sMm63g,Gareeb Scientist
UCSJPHFqzIqfde7C81TiF08g,http://www.youtube.com/channel/UCSJPHFqzIqfde7C81TiF08g,Penterest
UCSzITlgppFAIRbQGIwcInCA,http://www.youtube.com/channel/UCSzITlgppFAIRbQGIwcInCA,Great Books Explained
UCTpmmkp1E4nmZqWPS-dl5bg,http://www.youtube.com/channel/UCTpmmkp1E4nmZqWPS-dl5bg,Quanta Magazine
UCUEgJIixzlG53ybR9tZufxw,http://www.youtube.com/channel/UCUEgJIixzlG53ybR9tZufxw,kavan
UCVDFeNmTMKo1UAirnsN8gIQ,http://www.youtube.com/channel/UCVDFeNmTMKo1UAirnsN8gIQ,Chawm Ganguly
UCVOTBwF0vnSxMRIbfSE_K_g,http://www.youtube.com/channel/UCVOTBwF0vnSxMRIbfSE_K_g,Labour Law Advisor
UCVeW9qkBjo3zosnqUbG7CFw,http://www.youtube.com/channel/UCVeW9qkBjo3zosnqUbG7CFw,John Hammond
UCVls1GmFKf6WlTraIb_IaJg,http://www.youtube.com/channel/UCVls1GmFKf6WlTraIb_IaJg,DistroTube
UCW6xlqxSY3gGur4PkGPEUeA,http://www.youtube.com/channel/UCW6xlqxSY3gGur4PkGPEUeA,Seytonic
UCWzUCbM6NOr_wnWAkFylj2w,http://www.youtube.com/channel/UCWzUCbM6NOr_wnWAkFylj2w,flojdtube
UCY38RvRIxYODO4penyxUwTg,http://www.youtube.com/channel/UCY38RvRIxYODO4penyxUwTg,Dave Gray
UCYO_jab_esuFRV4b17AJtAw,http://www.youtube.com/channel/UCYO_jab_esuFRV4b17AJtAw,3Blue1Brown
UCYeiozh-4QwuC1sjgCmB92w,http://www.youtube.com/channel/UCYeiozh-4QwuC1sjgCmB92w,DevOps Toolbox
UC_E4px0RST-qFwXLJWBav8Q,http://www.youtube.com/channel/UC_E4px0RST-qFwXLJWBav8Q,Business Casual
UC_SvYP0k05UKiJ_2ndB02IA,http://www.youtube.com/channel/UC_SvYP0k05UKiJ_2ndB02IA,blackpenredpen
UC_mYaQAE6-71rjSN6CeCA-g,http://www.youtube.com/channel/UC_mYaQAE6-71rjSN6CeCA-g,NeetCode
UCaapDTDkpym2hPt0h8P7LuA,http://www.youtube.com/channel/UCaapDTDkpym2hPt0h8P7LuA,Miles | Expired Film Club
UCbsfyGlrjrKQC0gbzK0-EiA,http://www.youtube.com/channel/UCbsfyGlrjrKQC0gbzK0-EiA,Jared Owen
UCc605luB7EcVs6X9ZvTXwKw,http://www.youtube.com/channel/UCc605luB7EcVs6X9ZvTXwKw,Math with Ming
UCe4aEYu9h6LxCbBYgMQgZsg,http://www.youtube.com/channel/UCe4aEYu9h6LxCbBYgMQgZsg,The Wet Pen
UCfUpjvXL64juGG48Dzsk3cQ,http://www.youtube.com/channel/UCfUpjvXL64juGG48Dzsk3cQ,MrGee Math
UCgBmfNILAlXmGv3CsJ8oFJA,http://www.youtube.com/channel/UCgBmfNILAlXmGv3CsJ8oFJA,Physics Galaxy
UChhJ-DMIa7g1SAWuixHNw0Q,http://www.youtube.com/channel/UChhJ-DMIa7g1SAWuixHNw0Q,Saul4Democracy
UCjbXMiJWf1d_Y7_Mn_zPUVw,http://www.youtube.com/channel/UCjbXMiJWf1d_Y7_Mn_zPUVw,Cinema Visuals
UCjpQ-KGPKbTbsM_3HBojpNQ,http://www.youtube.com/channel/UCjpQ-KGPKbTbsM_3HBojpNQ,MobyDick00001
UCkCGANrihzExmu9QiqZpPlQ,http://www.youtube.com/channel/UCkCGANrihzExmu9QiqZpPlQ,How Money Works
UCkzaJDHBKbcaNatH_T00ieg,http://www.youtube.com/channel/UCkzaJDHBKbcaNatH_T00ieg,High Boi
UClZbmi9JzfnB2CEb0fG8iew,http://www.youtube.com/channel/UClZbmi9JzfnB2CEb0fG8iew,Primal Space
UClawlR7M7ojlCY12z3fYiug,http://www.youtube.com/channel/UClawlR7M7ojlCY12z3fYiug,Trading Window
UClcE-kVhqyiHCcjYwcpfj9w,http://www.youtube.com/channel/UClcE-kVhqyiHCcjYwcpfj9w,LiveOverflow
UCo71RUe6DX4w-Vd47rFLXPg,http://www.youtube.com/channel/UCo71RUe6DX4w-Vd47rFLXPg,typecraft
UConVfxXodg78Tzh5nNu85Ew,http://www.youtube.com/channel/UConVfxXodg78Tzh5nNu85Ew,Welch Labs
UCotwjyJnb-4KW7bmsOoLfkg,http://www.youtube.com/channel/UCotwjyJnb-4KW7bmsOoLfkg,Art of the Problem
UCoxcjq-8xIDTYp3uz647V5A,http://www.youtube.com/channel/UCoxcjq-8xIDTYp3uz647V5A,Numberphile
UCpdOQS9T0rz4ytlmdwphHIg,http://www.youtube.com/channel/UCpdOQS9T0rz4ytlmdwphHIg,Jack Ferg
UCqoAEDirJPjEUFcF2FklnBA,http://www.youtube.com/channel/UCqoAEDirJPjEUFcF2FklnBA,StarTalk
UCrqM0Ym_NbK1fqeQG2VIohg,http://www.youtube.com/channel/UCrqM0Ym_NbK1fqeQG2VIohg,Tsoding Daily
UCsBjURrPoezykLs9EqgamOA,http://www.youtube.com/channel/UCsBjURrPoezykLs9EqgamOA,Fireship
UCtM9yRT6HyFM7WFznhJYMdQ,http://www.youtube.com/channel/UCtM9yRT6HyFM7WFznhJYMdQ,Gruhak
UCuKdJtcsVGw3Cz-Sfsgl-9w,http://www.youtube.com/channel/UCuKdJtcsVGw3Cz-Sfsgl-9w,Code With Vick
UCuU9jE4MHHEIyYMbDfUPSew,http://www.youtube.com/channel/UCuU9jE4MHHEIyYMbDfUPSew,Caleb Writes Code
UCwd5VFu4KoJNjkWJZMFJGHQ,http://www.youtube.com/channel/UCwd5VFu4KoJNjkWJZMFJGHQ,Jacob Sorber
UCxQKHvKbmSzGMvUrVtJYnUA,http://www.youtube.com/channel/UCxQKHvKbmSzGMvUrVtJYnUA,Learn Linux TV
UCxS_Qie7LYWwTuA8wOB2XEw,http://www.youtube.com/channel/UCxS_Qie7LYWwTuA8wOB2XEw,Short Reads
UCxqAWLTk1CmBvZFPzeZMd9A,http://www.youtube.com/channel/UCxqAWLTk1CmBvZFPzeZMd9A,Domain of Science
UCxr2d4As312LulcajAkKJYw,http://www.youtube.com/channel/UCxr2d4As312LulcajAkKJYw,Townsends
UCyOfqgtsQaM3S-VZnsYnHjQ,http://www.youtube.com/channel/UCyOfqgtsQaM3S-VZnsYnHjQ,HALIDONMUSIC
UCz-yrxeZYIYdpEZgHGvIydA,http://www.youtube.com/channel/UCz-yrxeZYIYdpEZgHGvIydA,Nic Barker
UCzCsyvyrq38R6TnztEzOmgg,http://www.youtube.com/channel/UCzCsyvyrq38R6TnztEzOmgg,ByteMonk





